city_width,prob_path
2,0.4375
3,0.277099609375
4,0.19843846559524536
