city_width,prob_path
2,0.437949
3,0.277747
4,0.19852
5,0.151579
6,0.121766
7,0.100876
8,0.085299
9,0.073139
10,0.064391
11,0.056788
12,0.05101
13,0.04577
14,0.041451
15,0.038232
16,0.034924
17,0.032433
18,0.029998
19,0.027961
20,0.02624
